<?xml version="1.0" encoding="UTF-8"?>
<project-private xmlns="http://www.netbeans.org/ns/project-private/1">
    <editor-bookmarks xmlns="http://www.netbeans.org/ns/editor-bookmarks/2" lastBookmarkId="0"/>
    <open-files xmlns="http://www.netbeans.org/ns/projectui-open-files/2">
        <group>
            <file>file:/Users/andres/Documents/The-french/Construcción/Siga/src/datos/Conexion.java</file>
            <file>file:/Users/andres/Documents/The-french/Construcción/Siga/src/presentacion/controladores/ControladorReservarActividad.java</file>
            <file>file:/Users/andres/Documents/The-french/Construcción/Siga/src/logica/Usuario.java</file>
            <file>file:/Users/andres/Documents/The-french/Construcción/Siga/src/presentacion/controladores/ControladorLogIn.java</file>
            <file>file:/Users/andres/Documents/The-french/Construcción/Siga/nbproject/jfx-impl.xml</file>
            <file>file:/Users/andres/Documents/The-french/Construcción/Siga/test/pruebasUnitarias/ActividadTest.java</file>
            <file>file:/Users/andres/Documents/The-french/Construcción/Siga/src/logica/Autoevaluacion.java</file>
            <file>file:/Users/andres/Documents/The-french/Construcción/Siga/src/logica/Actividad.java</file>
            <file>file:/Users/andres/Documents/The-french/Construcción/Siga/test/pruebasUnitarias/CalendarioActividadesTest.java</file>
            <file>file:/Users/andres/Documents/The-french/Construcción/Siga/src/logica/Bitacora.java</file>
        </group>
    </open-files>
</project-private>
